episode,score,total_reward,epsilon,avg_loss
1,0,3.2,1.0,0.0
2,0,3.0,0.9001,0.030682
3,0,3.3,0.7219,0.02062
4,0,3.0,0.5878,0.031357
5,0,3.2,0.4738,0.026141
6,0,3.1,0.3839,0.035605
7,0,3.0,0.3126,0.031368
8,0,3.0,0.2545,0.039759
9,0,3.0,0.2072,0.026501
10,0,3.4,0.1654,0.033419
11,0,2.9,0.1353,0.029228
12,0,3.0,0.1102,0.03
13,0,3.2,0.0888,0.032373
14,0,3.6,0.0702,0.033704
15,0,8.8,0.0427,0.02486
16,0,2.9,0.035,0.014826
17,0,3.1,0.0283,0.017775
18,0,2.8,0.0233,0.012618
19,0,2.8,0.0192,0.012157
20,0,3.1,0.0155,0.007955
21,0,2.9,0.0127,0.007076
22,0,2.9,0.0104,0.005956
23,0,9.2,0.01,0.003105
24,0,3.0,0.01,0.001706
25,0,10.3,0.01,0.001116
26,0,2.5,0.01,0.000906
27,0,3.6,0.01,0.00732
28,0,11.2,0.01,0.007005
29,0,9.2,0.01,0.005507
30,0,9.4,0.01,0.009915
31,0,9.5,0.01,0.00944
32,0,6.7,0.01,0.015487
33,0,8.9,0.01,0.006981
34,0,8.7,0.01,0.003633
35,0,9.2,0.01,0.002162
36,0,10.8,0.01,0.003268
37,0,12.5,0.01,0.002052
38,0,12.5,0.01,0.007352
39,0,12.5,0.01,0.010125
40,0,12.5,0.01,0.007484
41,0,2.5,0.01,0.018187
42,0,12.5,0.01,0.02442
43,0,12.5,0.01,0.024779
44,0,12.5,0.01,0.017368
45,0,12.5,0.01,0.028236
46,0,12.5,0.01,0.026399
47,0,13.8,0.01,0.027819
48,0,12.5,0.01,0.031478
49,0,14.1,0.01,0.026622
50,0,12.5,0.01,0.019778
51,0,12.5,0.01,0.025787
52,0,12.5,0.01,0.033077
53,0,12.5,0.01,0.026792
54,0,12.5,0.01,0.026472
55,0,12.5,0.01,0.033353
56,0,12.5,0.01,0.028343
57,0,12.8,0.01,0.027169
58,0,12.5,0.01,0.027366
59,0,12.5,0.01,0.025054
60,0,12.5,0.01,0.026035
61,0,12.5,0.01,0.029367
62,0,12.5,0.01,0.02378
63,0,12.5,0.01,0.02382
64,0,12.5,0.01,0.028927
65,0,12.5,0.01,0.024935
66,0,12.5,0.01,0.018172
67,0,12.5,0.01,0.017573
68,0,12.7,0.01,0.019256
69,0,12.5,0.01,0.010738
70,0,12.5,0.01,0.014094
71,0,12.5,0.01,0.013429
72,0,12.6,0.01,0.022435
73,0,12.5,0.01,0.013249
74,0,12.5,0.01,0.012636
75,0,12.5,0.01,0.013553
76,0,13.5,0.01,0.009904
77,0,13.0,0.01,0.01783
78,0,12.5,0.01,0.025234
79,0,12.5,0.01,0.017315
80,0,12.5,0.01,0.015178
81,0,12.5,0.01,0.018527
82,1,14.7,0.01,0.006234
83,0,12.5,0.01,0.010042
84,0,14.1,0.01,0.01411
85,0,12.5,0.01,0.00825
86,0,12.5,0.01,0.015103
87,0,13.0,0.01,0.002778
88,0,13.1,0.01,0.021599
89,0,12.5,0.01,0.014372
90,0,12.8,0.01,0.011343
91,0,13.0,0.01,0.001564
92,0,12.5,0.01,0.008263
93,0,12.5,0.01,0.019062
94,0,12.5,0.01,0.019507
95,0,12.5,0.01,0.002057
96,0,12.9,0.01,0.002712
97,0,12.5,0.01,0.020521
98,0,12.5,0.01,0.002146
99,0,13.1,0.01,0.010692
100,0,12.5,0.01,0.018205
101,0,12.7,0.01,0.01247
102,0,12.5,0.01,0.007946
103,0,12.5,0.01,0.007149
104,0,12.5,0.01,0.008108
105,0,12.5,0.01,0.00791
106,0,12.5,0.01,0.007061
107,0,12.5,0.01,0.012118
108,0,12.5,0.01,0.001239
109,0,12.5,0.01,0.01288
110,0,12.5,0.01,0.007127
111,0,13.2,0.01,0.012351
112,0,12.5,0.01,0.007153
113,0,12.6,0.01,0.006996
114,0,13.1,0.01,0.007197
115,0,13.3,0.01,0.001069
116,0,13.5,0.01,0.001137
117,0,13.5,0.01,0.001602
118,0,13.7,0.01,0.001588
119,0,12.5,0.01,0.001196
120,0,12.5,0.01,0.001171
121,0,14.3,0.01,0.001114
122,0,13.2,0.01,0.001269
123,0,12.5,0.01,0.001342
124,0,14.4,0.01,0.001641
125,0,12.5,0.01,0.001174
126,0,12.6,0.01,0.00151
127,0,14.0,0.01,0.001845
128,1,15.7,0.01,0.00186
129,0,12.5,0.01,0.002033
130,0,12.5,0.01,0.002015
131,0,12.5,0.01,0.003451
132,0,13.4,0.01,0.002939
133,0,12.5,0.01,0.002792
134,0,13.6,0.01,0.002606
135,0,12.5,0.01,0.002462
136,0,12.8,0.01,0.003066
137,0,12.5,0.01,0.002557
138,0,12.5,0.01,0.002661
139,0,12.5,0.01,0.003015
140,0,12.5,0.01,0.003294
141,0,12.5,0.01,0.004002
142,0,12.5,0.01,0.003643
143,0,12.5,0.01,0.003655
144,0,13.1,0.01,0.00296
145,0,13.0,0.01,0.003076
146,0,12.5,0.01,0.002688
147,1,15.9,0.01,0.002196
148,0,13.2,0.01,0.003489
149,0,14.2,0.01,0.002721
150,0,12.5,0.01,0.002734
151,0,12.5,0.01,0.003151
152,0,14.3,0.01,0.002867
153,0,14.4,0.01,0.002745
154,0,14.0,0.01,0.003537
155,0,14.4,0.01,0.003125
156,0,14.1,0.01,0.002939
157,0,13.6,0.01,0.003747
158,0,13.0,0.01,0.003538
159,0,13.4,0.01,0.003493
160,0,4.6,0.01,0.003829
161,0,2.5,0.01,0.018668
162,0,14.2,0.01,0.01342
163,0,14.5,0.01,0.005504
164,0,13.7,0.01,0.009989
165,0,14.6,0.01,0.016737
166,0,13.4,0.01,0.008909
167,0,13.0,0.01,0.004871
168,0,12.5,0.01,0.007317
169,0,13.2,0.01,0.027577
170,0,13.7,0.01,0.007036
171,0,12.8,0.01,0.004976
172,0,12.5,0.01,0.012611
173,1,17.9,0.01,0.006676
174,0,14.0,0.01,0.007897
175,0,14.4,0.01,0.015557
176,0,14.6,0.01,0.013794
177,0,14.0,0.01,0.011723
178,0,12.5,0.01,0.017126
179,0,12.5,0.01,0.022726
180,0,12.5,0.01,0.005315
181,0,12.5,0.01,0.023057
182,1,18.2,0.01,0.009098
183,1,28.6,0.01,0.012546
184,0,13.1,0.01,0.024685
185,1,18.3,0.01,0.014437
186,0,13.2,0.01,0.030096
187,1,17.3,0.01,0.023374
188,0,12.5,0.01,0.024371
189,1,15.8,0.01,0.024899
190,0,13.1,0.01,0.039064
191,0,14.1,0.01,0.016021
192,0,12.5,0.01,0.010561
193,1,19.4,0.01,0.030846
194,0,12.5,0.01,0.014835
195,0,12.5,0.01,0.030588
196,0,13.9,0.01,0.025471
197,1,15.7,0.01,0.011856
198,1,30.0,0.01,0.036832
199,0,12.5,0.01,0.040666
200,0,12.5,0.01,0.031286
201,0,12.5,0.01,0.026821
202,2,45.0,0.01,0.038671
203,1,30.2,0.01,0.053621
204,0,9.9,0.01,0.051318
205,0,11.7,0.01,0.03259
206,3,61.8,0.01,0.052594
207,3,61.7,0.01,0.071559
208,8,140.6,0.01,0.0729
209,4,76.6,0.01,0.100453
210,2,45.9,0.01,0.119602
211,0,12.5,0.01,0.125427
212,0,12.5,0.01,0.128786
213,0,13.4,0.01,0.14216
214,4,78.2,0.01,0.160147
215,0,12.5,0.01,0.186425
216,11,188.9,0.01,0.186035
217,24,397.2,0.01,0.153006
218,8,140.6,0.01,0.100705
219,2,31.8,0.01,0.090883
220,3,60.6,0.01,0.107212
221,1,28.6,0.01,0.124127
222,3,62.2,0.01,0.129999
223,2,45.1,0.01,0.152565
224,1,25.1,0.01,0.170872
225,0,12.5,0.01,0.086177
226,0,12.5,0.01,0.082056
227,1,28.6,0.01,0.069644
228,0,12.5,0.01,0.093814
229,0,12.5,0.01,0.138862
230,0,12.5,0.01,0.164005
231,0,4.6,0.01,0.128422
232,0,12.9,0.01,0.129093
233,0,12.5,0.01,0.143133
234,0,12.5,0.01,0.17297
235,0,13.9,0.01,0.229609
236,0,13.5,0.01,0.18665
237,5,92.6,0.01,0.246343
238,2,31.9,0.01,0.200234
239,1,28.6,0.01,0.185414
240,0,14.1,0.01,0.363906
241,0,12.5,0.01,0.380108
242,0,12.5,0.01,0.226696
243,1,29.7,0.01,0.216
244,0,12.5,0.01,0.376726
245,0,2.8,0.01,0.52621
246,1,28.6,0.01,0.358489
247,0,12.5,0.01,0.349121
248,2,46.5,0.01,0.324106
249,3,60.6,0.01,0.362129
250,4,76.6,0.01,0.332566
251,3,47.9,0.01,0.337895
252,0,12.5,0.01,0.447594
253,1,28.6,0.01,0.321713
254,2,44.6,0.01,0.294815
255,0,12.5,0.01,0.312166
256,1,28.6,0.01,0.266154
257,0,12.5,0.01,0.401571
258,0,5.7,0.01,0.452306
259,0,12.5,0.01,0.382863
260,0,12.5,0.01,0.301537
261,2,44.6,0.01,0.380658
262,0,12.5,0.01,0.322783
263,1,28.6,0.01,0.406915
264,0,12.5,0.01,0.362731
265,0,12.5,0.01,0.413918
266,0,12.5,0.01,0.398549
267,2,46.7,0.01,0.349161
268,2,44.6,0.01,0.389479
269,0,12.5,0.01,0.387966
270,7,126.2,0.01,0.300459
271,0,2.5,0.01,0.420861
272,0,12.5,0.01,0.329292
273,2,44.6,0.01,0.34255
274,3,60.6,0.01,0.327714
275,1,29.0,0.01,0.269109
276,0,12.7,0.01,0.325493
277,0,13.6,0.01,0.185032
278,0,12.5,0.01,0.272007
279,1,28.6,0.01,0.257342
280,4,76.6,0.01,0.296774
281,0,14.5,0.01,0.194592
282,0,12.5,0.01,0.307251
283,0,12.5,0.01,0.238764
284,0,12.5,0.01,0.325207
285,0,12.5,0.01,0.34276
286,0,12.5,0.01,0.37282
287,0,12.5,0.01,0.335399
288,0,13.7,0.01,0.342462
289,0,13.0,0.01,0.451824
290,0,12.5,0.01,0.311715
291,0,12.5,0.01,0.360143
292,0,3.4,0.01,0.170965
293,0,6.3,0.01,0.424746
294,0,12.5,0.01,0.394182
295,0,12.5,0.01,0.336417
296,0,12.5,0.01,0.328126
297,0,12.5,0.01,0.392295
298,1,28.6,0.01,0.46302
299,1,28.6,0.01,0.452637
300,1,28.7,0.01,0.373712
301,0,2.5,0.01,0.656912
302,0,12.5,0.01,0.343642
303,3,60.6,0.01,0.437555
304,3,60.6,0.01,0.467134
305,2,44.6,0.01,0.3978
306,0,12.5,0.01,0.388165
307,9,156.6,0.01,0.386962
308,2,44.6,0.01,0.399834
309,0,12.5,0.01,0.468802
310,3,60.6,0.01,0.357452
311,3,60.6,0.01,0.327516
312,0,2.5,0.01,0.228721
313,1,28.6,0.01,0.305856
314,1,28.6,0.01,0.336846
315,2,44.6,0.01,0.330848
316,4,76.6,0.01,0.311497
317,0,2.5,0.01,0.353231
318,1,28.6,0.01,0.259806
319,1,28.6,0.01,0.299425
320,2,44.7,0.01,0.311116
321,10,159.8,0.01,0.242881
322,1,28.6,0.01,0.263824
323,7,117.1,0.01,0.212796
324,13,220.6,0.01,0.198595
325,2,44.6,0.01,0.170329
326,2,45.3,0.01,0.213095
327,2,44.6,0.01,0.130306
328,2,44.7,0.01,0.22328
329,0,2.5,0.01,0.233343
330,1,14.7,0.01,0.151055
331,0,12.5,0.01,0.187715
332,0,12.5,0.01,0.212766
333,0,14.6,0.01,0.204734
334,0,2.5,0.01,0.130827
335,1,29.0,0.01,0.271383
336,1,29.3,0.01,0.271308
337,2,30.8,0.01,0.206878
338,0,2.5,0.01,0.284159
339,0,2.5,0.01,0.137881
340,0,2.5,0.01,0.166209
341,0,2.5,0.01,0.42721
342,7,125.9,0.01,0.261344
343,3,60.6,0.01,0.257895
344,0,12.5,0.01,0.202318
345,0,12.8,0.01,0.296173
346,1,28.6,0.01,0.302152
347,0,12.5,0.01,0.229238
348,0,12.5,0.01,0.320674
349,0,12.5,0.01,0.341431
350,2,44.6,0.01,0.362061
351,0,12.5,0.01,0.431051
352,0,14.4,0.01,0.305955
353,0,12.5,0.01,0.319465
354,1,28.6,0.01,0.395473
355,0,13.5,0.01,0.374255
356,0,14.3,0.01,0.439852
357,0,12.5,0.01,0.350658
358,1,28.6,0.01,0.355695
359,1,29.6,0.01,0.418601
360,1,30.6,0.01,0.392176
361,2,45.8,0.01,0.455095
362,2,45.6,0.01,0.426477
363,1,28.6,0.01,0.456653
364,1,28.6,0.01,0.432769
365,0,12.5,0.01,0.532342
366,2,46.6,0.01,0.437953
367,0,13.0,0.01,0.528615
368,0,12.5,0.01,0.485919
369,1,28.6,0.01,0.445516
370,0,14.1,0.01,0.419784
371,0,14.3,0.01,0.368857
372,0,14.2,0.01,0.435477
373,1,14.7,0.01,0.522955
374,4,77.0,0.01,0.450942
375,0,12.8,0.01,0.375115
376,7,112.0,0.01,0.417344
377,2,46.2,0.01,0.42342
378,1,28.6,0.01,0.404311
379,2,38.6,0.01,0.3605
380,0,12.5,0.01,0.285564
381,1,28.6,0.01,0.37845
382,3,60.6,0.01,0.423193
383,0,2.5,0.01,0.459422
384,0,2.5,0.01,0.38189
385,0,2.5,0.01,0.377114
386,1,28.6,0.01,0.415625
387,2,37.5,0.01,0.39805
388,8,127.8,0.01,0.385878
389,14,238.4,0.01,0.340762
390,2,45.3,0.01,0.24351
391,0,12.5,0.01,0.189804
392,5,92.6,0.01,0.292368
393,3,60.6,0.01,0.227304
394,1,28.6,0.01,0.186464
395,0,9.0,0.01,0.245764
396,1,28.6,0.01,0.294586
397,0,12.5,0.01,0.336468
398,2,44.6,0.01,0.25786
399,0,9.3,0.01,0.322082
400,0,12.5,0.01,0.33605
401,0,12.5,0.01,0.159784
402,0,12.5,0.01,0.373422
403,1,28.6,0.01,0.416576
404,0,3.4,0.01,0.508161
405,0,14.5,0.01,0.338519
406,0,14.2,0.01,0.376646
407,1,15.9,0.01,0.296775
408,1,30.3,0.01,0.279093
409,0,3.1,0.01,0.260018
410,1,28.6,0.01,0.302578
411,0,12.5,0.01,0.443832
412,0,12.5,0.01,0.438803
413,0,12.5,0.01,0.438769
414,0,13.8,0.01,0.395046
415,0,12.5,0.01,0.296248
416,0,13.8,0.01,0.401766
417,0,3.3,0.01,0.43516
418,0,12.5,0.01,0.461094
419,0,12.5,0.01,0.503082
420,1,28.6,0.01,0.314371
421,1,28.6,0.01,0.573448
422,2,44.6,0.01,0.369468
423,5,94.2,0.01,0.420625
424,4,63.8,0.01,0.459146
425,2,31.8,0.01,0.346036
426,5,92.9,0.01,0.503862
427,0,12.5,0.01,0.473622
428,3,53.2,0.01,0.445929
429,3,51.8,0.01,0.540481
430,0,12.5,0.01,0.402409
431,0,12.5,0.01,0.493073
432,2,45.9,0.01,0.479878
433,0,12.9,0.01,0.589761
434,2,44.6,0.01,0.566806
435,0,12.5,0.01,0.49024
436,1,29.4,0.01,0.480459
437,0,14.6,0.01,0.524928
438,1,30.5,0.01,0.510881
439,4,62.8,0.01,0.424762
440,0,12.5,0.01,0.479873
441,3,61.0,0.01,0.482564
442,4,78.2,0.01,0.370644
443,0,12.5,0.01,0.277669
444,1,30.6,0.01,0.342175
445,0,12.5,0.01,0.364355
446,2,44.6,0.01,0.366815
447,3,60.9,0.01,0.331948
448,0,12.5,0.01,0.293764
449,0,14.5,0.01,0.349379
450,1,28.9,0.01,0.360445
451,1,15.7,0.01,0.376934
452,2,31.8,0.01,0.373118
453,2,45.8,0.01,0.341504
454,0,12.5,0.01,0.360476
455,0,12.5,0.01,0.293736
456,0,10.3,0.01,0.328534
457,0,9.5,0.01,0.377587
458,1,15.9,0.01,0.284373
459,0,14.2,0.01,0.323111
460,0,2.5,0.01,0.595545
461,3,54.9,0.01,0.427084
462,0,2.5,0.01,0.477389
463,0,2.5,0.01,0.200303
464,0,12.7,0.01,0.379013
465,2,44.6,0.01,0.384719
466,0,13.4,0.01,0.373263
467,2,44.6,0.01,0.301084
468,2,44.6,0.01,0.377737
469,1,28.6,0.01,0.323463
470,7,126.4,0.01,0.301632
471,0,2.5,0.01,0.371407
472,0,2.5,0.01,0.332725
473,0,12.5,0.01,0.364497
474,0,2.5,0.01,0.243381
475,0,2.5,0.01,0.487603
476,0,2.5,0.01,0.359405
477,3,60.6,0.01,0.328278
478,0,14.4,0.01,0.416434
479,0,2.5,0.01,0.375926
480,0,2.5,0.01,0.359138
481,4,77.7,0.01,0.420289
482,1,28.6,0.01,0.400556
483,0,12.5,0.01,0.561287
484,1,28.6,0.01,0.354547
485,2,44.6,0.01,0.389065
486,0,3.2,0.01,0.401272
487,1,29.1,0.01,0.405732
488,0,2.9,0.01,0.246683
489,0,3.0,0.01,0.291842
490,0,3.1,0.01,0.441871
491,2,44.6,0.01,0.451006
492,3,61.8,0.01,0.40699
493,2,45.4,0.01,0.333048
494,13,220.6,0.01,0.366061
495,0,12.5,0.01,0.327474
496,1,28.6,0.01,0.268387
497,0,12.5,0.01,0.306074
498,5,92.6,0.01,0.273335
499,2,44.6,0.01,0.307534
500,0,12.7,0.01,0.204951
501,7,124.6,0.01,0.258655
502,5,94.6,0.01,0.233056
503,3,60.6,0.01,0.205848
504,2,44.6,0.01,0.222784
505,1,14.7,0.01,0.135808
506,1,28.7,0.01,0.20291
507,0,12.5,0.01,0.226717
508,4,76.6,0.01,0.214515
509,1,28.6,0.01,0.136773
510,0,13.2,0.01,0.178983
511,4,77.9,0.01,0.17758
512,14,223.8,0.01,0.160308
513,0,6.2,0.01,0.200864
514,1,30.7,0.01,0.157539
515,0,12.5,0.01,0.231871
516,0,12.8,0.01,0.178668
517,0,12.5,0.01,0.197575
518,0,2.5,0.01,0.122568
519,0,12.5,0.01,0.163815
520,0,12.5,0.01,0.183261
521,0,12.8,0.01,0.308953
522,0,13.9,0.01,0.206012
523,0,12.8,0.01,0.231026
524,0,2.5,0.01,0.288546
525,1,28.6,0.01,0.411292
526,8,140.8,0.01,0.275958
527,1,28.6,0.01,0.391693
528,0,12.5,0.01,0.267053
529,0,2.5,0.01,0.338522
530,3,60.6,0.01,0.334656
531,0,12.5,0.01,0.33773
532,1,28.6,0.01,0.319737
533,0,13.0,0.01,0.270542
534,1,28.6,0.01,0.24094
535,0,13.6,0.01,0.413538
536,0,2.5,0.01,0.223087
537,1,28.6,0.01,0.406902
538,3,53.1,0.01,0.438318
539,0,10.4,0.01,0.302048
540,0,12.5,0.01,0.333489
541,3,54.6,0.01,0.306042
542,1,23.0,0.01,0.323441
543,0,12.5,0.01,0.323889
544,3,55.3,0.01,0.338294
545,3,55.0,0.01,0.325055
546,4,76.6,0.01,0.401681
547,1,23.2,0.01,0.354131
548,0,12.6,0.01,0.389937
549,0,14.0,0.01,0.402854
550,2,44.6,0.01,0.456646
551,5,92.6,0.01,0.359164
552,5,93.5,0.01,0.293426
553,1,28.6,0.01,0.256346
554,0,14.4,0.01,0.28891
555,0,9.1,0.01,0.261309
556,0,14.3,0.01,0.262306
557,0,13.7,0.01,0.205239
558,1,28.6,0.01,0.327879
559,1,28.6,0.01,0.260442
560,0,12.5,0.01,0.256022
561,0,12.5,0.01,0.420409
562,0,12.5,0.01,0.302561
563,0,12.5,0.01,0.418648
564,2,44.6,0.01,0.381823
565,1,15.8,0.01,0.308497
566,3,60.6,0.01,0.348772
567,0,13.9,0.01,0.237079
568,2,38.8,0.01,0.264156
569,0,13.6,0.01,0.404785
570,10,159.8,0.01,0.317203
571,0,14.4,0.01,0.405699
572,2,46.4,0.01,0.379469
573,0,12.5,0.01,0.297243
574,1,30.0,0.01,0.301166
575,1,15.9,0.01,0.280824
576,20,333.9,0.01,0.326373
577,3,62.5,0.01,0.256446
578,4,70.0,0.01,0.236225
579,0,2.5,0.01,0.359721
580,0,2.5,0.01,0.121103
581,0,2.5,0.01,0.407916
582,1,28.6,0.01,0.300486
583,0,2.5,0.01,0.129153
584,4,76.6,0.01,0.315272
585,3,60.8,0.01,0.205631
586,3,60.6,0.01,0.292838
587,1,22.1,0.01,0.248936
588,1,28.6,0.01,0.276312
589,0,11.8,0.01,0.291387
590,0,14.3,0.01,0.194219
591,0,12.5,0.01,0.298991
592,0,12.5,0.01,0.277151
593,0,12.5,0.01,0.201836
594,1,30.0,0.01,0.396753
595,0,14.1,0.01,0.368978
596,0,12.6,0.01,0.347141
597,0,5.9,0.01,0.509035
598,0,12.6,0.01,0.3684
599,0,12.5,0.01,0.498733
600,0,2.5,0.01,0.381551
601,0,12.5,0.01,0.355468
602,0,12.5,0.01,0.556607
603,1,21.4,0.01,0.442303
604,0,12.5,0.01,0.454961
605,1,29.0,0.01,0.318386
606,0,12.5,0.01,0.491892
607,0,12.9,0.01,0.429987
608,0,2.5,0.01,0.228851
609,1,30.1,0.01,0.479539
610,1,28.6,0.01,0.457153
611,0,12.5,0.01,0.401138
612,0,3.2,0.01,0.414221
613,0,2.5,0.01,0.593696
614,0,12.5,0.01,0.497383
615,0,12.5,0.01,0.598345
616,0,12.7,0.01,0.607643
617,0,4.6,0.01,0.479277
618,0,12.7,0.01,0.562544
619,0,12.5,0.01,0.603194
620,0,12.5,0.01,0.522199
621,0,2.5,0.01,0.672312
622,0,12.5,0.01,0.447467
623,0,11.7,0.01,0.515064
624,0,12.5,0.01,0.578119
625,0,10.4,0.01,0.513915
626,0,2.5,0.01,0.424607
627,0,2.5,0.01,0.656691
628,0,12.6,0.01,0.694605
629,0,12.9,0.01,0.431871
630,2,44.6,0.01,0.618024
631,1,28.8,0.01,0.511347
632,0,13.5,0.01,0.654349
633,0,12.6,0.01,0.621985
634,0,12.5,0.01,0.496994
635,0,12.5,0.01,0.493403
636,0,12.9,0.01,0.484521
637,1,15.9,0.01,0.748224
638,0,13.9,0.01,0.42447
639,0,12.5,0.01,0.581481
640,1,28.6,0.01,0.474934
641,0,12.5,0.01,0.563347
642,0,12.9,0.01,0.522674
643,0,12.5,0.01,0.634562
644,0,12.5,0.01,0.570322
645,0,14.3,0.01,0.449649
646,0,12.8,0.01,0.43589
647,0,12.5,0.01,0.450723
648,0,12.5,0.01,0.51708
649,0,12.5,0.01,0.469837
650,0,13.9,0.01,0.634236
651,1,28.6,0.01,0.525268
652,0,12.5,0.01,0.473821
653,0,12.5,0.01,0.513457
654,0,12.6,0.01,0.630918
655,0,12.5,0.01,0.666857
656,1,15.7,0.01,0.489047
657,0,13.6,0.01,0.590385
658,0,12.5,0.01,0.396366
659,0,12.5,0.01,0.377194
660,0,12.5,0.01,0.538689
661,0,7.8,0.01,0.33592
662,0,11.3,0.01,0.46006
663,0,12.5,0.01,0.505941
664,0,14.5,0.01,0.437851
665,0,12.5,0.01,0.428615
666,1,29.3,0.01,0.457236
667,0,12.5,0.01,0.359523
668,0,12.8,0.01,0.356662
669,0,12.5,0.01,0.370072
670,0,12.5,0.01,0.3918
671,0,13.4,0.01,0.345622
672,0,12.7,0.01,0.455335
673,0,14.1,0.01,0.445545
674,0,12.6,0.01,0.433721
675,0,12.9,0.01,0.333936
676,0,12.5,0.01,0.494597
677,0,6.4,0.01,0.426245
678,0,12.5,0.01,0.399302
679,0,12.5,0.01,0.362304
680,0,12.5,0.01,0.289441
681,0,9.8,0.01,0.423261
682,0,12.5,0.01,0.421008
683,0,12.5,0.01,0.32506
684,0,14.3,0.01,0.322989
685,0,12.5,0.01,0.313345
686,0,12.5,0.01,0.391259
687,0,12.5,0.01,0.383647
688,0,13.7,0.01,0.352748
689,0,12.5,0.01,0.398755
690,0,12.5,0.01,0.313471
691,0,12.5,0.01,0.282425
692,0,13.0,0.01,0.265252
693,0,12.5,0.01,0.288631
694,0,14.2,0.01,0.215414
695,0,12.5,0.01,0.231951
696,0,12.8,0.01,0.247337
697,0,13.6,0.01,0.223639
698,0,14.4,0.01,0.195176
699,0,13.8,0.01,0.18053
700,0,12.5,0.01,0.147728
701,0,14.3,0.01,0.176249
702,0,13.9,0.01,0.16556
703,0,13.3,0.01,0.154242
704,0,14.3,0.01,0.167947
705,0,2.5,0.01,0.142657
706,0,12.6,0.01,0.165149
707,1,28.6,0.01,0.154469
708,0,12.7,0.01,0.182712
709,0,2.5,0.01,0.135642
710,0,12.5,0.01,0.183569
711,0,2.5,0.01,0.162565
712,0,2.5,0.01,0.180571
713,0,12.6,0.01,0.236138
714,0,14.5,0.01,0.168767
715,0,2.5,0.01,0.097232
716,0,12.5,0.01,0.167527
717,0,12.5,0.01,0.166466
718,0,13.0,0.01,0.211902
719,0,5.5,0.01,0.250201
720,0,2.5,0.01,0.330525
721,0,2.5,0.01,0.134679
722,0,2.5,0.01,0.299161
723,0,2.5,0.01,0.294336
724,0,2.5,0.01,0.398128
725,0,5.7,0.01,0.21619
726,0,2.5,0.01,0.242027
727,0,2.5,0.01,0.300763
728,1,30.2,0.01,0.270178
729,0,2.5,0.01,0.397358
730,0,12.5,0.01,0.346491
731,0,2.5,0.01,0.342881
732,1,28.6,0.01,0.264463
733,1,28.6,0.01,0.247828
734,0,14.3,0.01,0.294872
735,0,2.5,0.01,0.277191
736,0,13.6,0.01,0.249073
737,0,12.5,0.01,0.232264
738,0,13.0,0.01,0.285191
739,0,13.7,0.01,0.29053
740,0,12.5,0.01,0.305122
741,1,30.1,0.01,0.283129
742,0,2.5,0.01,0.231048
743,0,2.5,0.01,0.478796
744,0,2.5,0.01,0.316604
745,0,2.5,0.01,0.376872
746,0,12.5,0.01,0.401145
747,0,2.5,0.01,0.225391
748,0,12.5,0.01,0.361404
749,3,47.9,0.01,0.290381
750,2,44.6,0.01,0.270409
751,0,12.5,0.01,0.394241
752,0,12.5,0.01,0.303452
753,1,28.6,0.01,0.368355
754,0,14.2,0.01,0.253467
755,1,28.6,0.01,0.296696
756,0,12.5,0.01,0.32162
757,0,12.5,0.01,0.241246
758,0,12.5,0.01,0.227529
759,0,12.5,0.01,0.214683
760,0,12.5,0.01,0.245733
761,0,12.5,0.01,0.231028
762,1,28.6,0.01,0.347892
763,0,12.5,0.01,0.32867
764,0,12.5,0.01,0.287599
765,1,28.7,0.01,0.252988
766,0,12.5,0.01,0.286238
767,0,13.1,0.01,0.257976
768,0,13.3,0.01,0.250499
769,0,12.5,0.01,0.213761
770,3,61.9,0.01,0.30264
771,0,12.5,0.01,0.241731
772,1,20.0,0.01,0.335312
773,0,13.4,0.01,0.34279
774,0,12.5,0.01,0.359887
775,0,11.8,0.01,0.261396
776,1,30.5,0.01,0.285467
777,0,9.1,0.01,0.300098
778,1,20.4,0.01,0.294336
779,0,4.5,0.01,0.317505
780,0,3.2,0.01,0.392634
781,0,14.3,0.01,0.302089
782,0,10.9,0.01,0.399563
783,0,9.5,0.01,0.212487
784,1,28.6,0.01,0.344552
785,0,12.5,0.01,0.356179
786,0,12.5,0.01,0.265496
787,0,9.3,0.01,0.322166
788,0,12.5,0.01,0.229942
789,0,12.5,0.01,0.253176
790,0,13.2,0.01,0.336426
791,0,8.3,0.01,0.282949
792,0,12.5,0.01,0.274026
793,0,10.8,0.01,0.347488
794,0,11.1,0.01,0.352013
795,0,8.7,0.01,0.25452
796,1,26.6,0.01,0.265324
797,0,6.8,0.01,0.203235
798,0,13.1,0.01,0.247541
799,0,12.5,0.01,0.224841
800,0,12.5,0.01,0.295462
801,0,12.5,0.01,0.226099
802,0,12.6,0.01,0.241079
803,1,28.6,0.01,0.286749
804,0,12.5,0.01,0.191149
805,1,28.6,0.01,0.265191
806,0,12.5,0.01,0.218334
807,0,12.5,0.01,0.237352
808,1,28.1,0.01,0.256054
809,0,12.5,0.01,0.232243
810,0,12.5,0.01,0.134543
811,0,13.4,0.01,0.205491
812,0,12.5,0.01,0.262029
813,0,12.4,0.01,0.155552
814,0,12.5,0.01,0.194014
815,1,28.6,0.01,0.179949
816,0,12.5,0.01,0.232577
817,1,28.6,0.01,0.209957
818,1,28.6,0.01,0.187728
819,0,12.5,0.01,0.153211
820,0,7.7,0.01,0.266257
821,0,12.5,0.01,0.239369
822,1,28.6,0.01,0.186954
823,0,12.5,0.01,0.143034
824,0,12.5,0.01,0.242154
825,0,12.5,0.01,0.173372
826,0,2.5,0.01,0.159516
827,0,12.5,0.01,0.20998
828,0,2.5,0.01,0.140199
829,0,2.5,0.01,0.176271
830,0,2.5,0.01,0.185359
831,0,2.5,0.01,0.128401
832,0,11.3,0.01,0.246641
833,0,12.5,0.01,0.203225
834,0,12.5,0.01,0.222372
835,0,13.3,0.01,0.252981
836,1,28.6,0.01,0.248743
837,0,12.5,0.01,0.299354
838,1,26.1,0.01,0.246046
839,0,12.5,0.01,0.231147
840,0,12.5,0.01,0.312567
841,0,12.5,0.01,0.196641
842,0,12.5,0.01,0.274004
843,1,28.6,0.01,0.249661
844,1,28.6,0.01,0.211517
845,0,12.5,0.01,0.262176
846,0,12.5,0.01,0.178326
847,1,28.6,0.01,0.225364
848,0,12.5,0.01,0.192615
849,0,12.5,0.01,0.214257
850,1,28.6,0.01,0.259695
851,0,13.5,0.01,0.199128
852,0,12.5,0.01,0.188411
853,0,13.5,0.01,0.178389
854,0,12.5,0.01,0.234347
855,1,15.9,0.01,0.261454
856,0,9.4,0.01,0.191814
857,0,12.8,0.01,0.21582
858,0,12.5,0.01,0.243742
859,0,2.5,0.01,0.229148
860,0,13.8,0.01,0.221199
861,0,12.6,0.01,0.321689
862,0,12.5,0.01,0.176498
863,0,12.5,0.01,0.216249
864,0,12.5,0.01,0.261688
865,0,12.9,0.01,0.196983
866,0,12.5,0.01,0.243869
867,0,12.6,0.01,0.191799
868,0,14.3,0.01,0.214819
869,1,28.6,0.01,0.186188
870,0,12.5,0.01,0.249704
871,0,2.5,0.01,0.275693
872,0,12.5,0.01,0.301462
873,0,12.5,0.01,0.266905
874,0,8.7,0.01,0.240438
875,0,10.8,0.01,0.289063
876,0,9.2,0.01,0.295394
877,0,12.5,0.01,0.185931
878,1,23.9,0.01,0.276089
879,0,2.5,0.01,0.3004
880,0,2.5,0.01,0.295349
881,0,12.5,0.01,0.336189
882,0,2.5,0.01,0.328466
883,0,2.5,0.01,0.377796
884,0,12.5,0.01,0.323953
885,0,12.5,0.01,0.212475
886,0,12.5,0.01,0.307
887,0,12.5,0.01,0.22282
888,0,12.5,0.01,0.303696
889,0,12.5,0.01,0.362179
890,0,9.0,0.01,0.316438
891,0,12.9,0.01,0.3032
892,0,12.5,0.01,0.382765
893,0,13.0,0.01,0.294977
894,0,12.5,0.01,0.338452
895,0,12.5,0.01,0.352141
896,0,12.5,0.01,0.328279
897,0,12.5,0.01,0.346709
898,0,12.5,0.01,0.350528
899,1,18.0,0.01,0.327154
900,0,12.5,0.01,0.312055
901,0,12.5,0.01,0.246539
902,0,10.4,0.01,0.253486
903,0,7.8,0.01,0.36195
904,0,6.7,0.01,0.325696
905,0,2.5,0.01,0.267933
906,0,2.5,0.01,0.350407
907,0,2.5,0.01,0.187184
908,0,2.5,0.01,0.506605
909,0,12.5,0.01,0.428722
910,0,12.5,0.01,0.349926
911,0,2.5,0.01,0.335557
912,0,2.5,0.01,0.331876
913,0,2.5,0.01,0.318595
914,0,2.5,0.01,0.350693
915,0,12.5,0.01,0.341003
916,0,12.5,0.01,0.450667
917,0,12.5,0.01,0.492421
918,0,12.5,0.01,0.415947
919,1,17.5,0.01,0.404025
920,0,12.5,0.01,0.387884
921,1,15.9,0.01,0.334958
922,1,14.7,0.01,0.382421
923,0,12.8,0.01,0.351108
924,1,15.8,0.01,0.333098
925,0,14.1,0.01,0.384499
926,2,33.3,0.01,0.398227
927,0,12.5,0.01,0.352204
928,0,3.6,0.01,0.391322
929,0,12.5,0.01,0.439462
930,0,12.5,0.01,0.460085
931,3,60.6,0.01,0.343322
932,0,12.5,0.01,0.365887
933,0,12.5,0.01,0.341595
934,0,12.5,0.01,0.304532
935,0,12.5,0.01,0.33381
936,1,28.6,0.01,0.31493
937,2,44.6,0.01,0.296682
938,0,12.5,0.01,0.287362
939,0,2.5,0.01,0.312415
940,0,6.8,0.01,0.318517
941,0,12.5,0.01,0.348139
942,0,2.5,0.01,0.199784
943,0,2.5,0.01,0.419341
944,0,13.8,0.01,0.282537
945,0,14.4,0.01,0.298957
946,1,28.6,0.01,0.310212
947,0,12.5,0.01,0.291323
948,0,14.6,0.01,0.326633
949,1,29.6,0.01,0.326225
950,0,12.5,0.01,0.361692
951,0,13.9,0.01,0.343518
952,1,28.6,0.01,0.314761
953,0,12.5,0.01,0.289215
954,0,12.5,0.01,0.33637
955,0,12.5,0.01,0.307952
956,0,12.5,0.01,0.337755
957,0,12.5,0.01,0.338399
958,0,12.5,0.01,0.247626
959,1,15.8,0.01,0.356478
960,1,28.6,0.01,0.284718
961,0,12.5,0.01,0.339886
962,0,14.5,0.01,0.366115
963,0,12.5,0.01,0.332916
964,0,12.5,0.01,0.283567
965,0,12.5,0.01,0.285251
966,0,12.5,0.01,0.336949
967,0,12.5,0.01,0.344987
968,1,15.9,0.01,0.291832
969,1,15.9,0.01,0.344798
970,0,12.5,0.01,0.308955
971,0,7.5,0.01,0.207103
972,0,12.5,0.01,0.306195
973,0,12.5,0.01,0.35914
974,0,12.5,0.01,0.19795
975,2,44.6,0.01,0.357868
976,0,2.5,0.01,0.374656
977,0,2.5,0.01,0.274738
978,0,2.5,0.01,0.509035
979,0,6.5,0.01,0.433116
980,0,8.6,0.01,0.334445
981,0,12.5,0.01,0.286222
982,0,2.5,0.01,0.313733
983,0,2.5,0.01,0.477475
984,0,2.5,0.01,0.256279
985,0,7.5,0.01,0.359861
986,0,2.5,0.01,0.429256
987,1,21.4,0.01,0.325334
988,0,7.2,0.01,0.344425
989,1,22.3,0.01,0.393916
990,0,7.5,0.01,0.389773
991,0,2.5,0.01,0.46168
992,1,28.6,0.01,0.364383
993,0,2.5,0.01,0.28016
994,0,12.5,0.01,0.354429
995,0,12.5,0.01,0.348108
996,0,12.5,0.01,0.389522
997,0,8.0,0.01,0.412732
998,0,12.5,0.01,0.402626
999,1,28.6,0.01,0.440348
1000,0,6.9,0.01,0.31206
